{
    "loss": 11.454007148742676,
    "accuracy": 0.5686274766921997
}